Workbook

Sheet Financial
A1: =ROUND(YIELD(DATE(2020,1,1),DATE(2025,1,1),0.08,PRICE(DATE(2020,1,1),DATE(2025,1,1),0.08,0.06,100,2),100,2),10) -> 0.06 | B1: YIELD inverse of PRICE
A2: =ROUND(PRICE(DATE(2020,1,1),DATE(2025,1,1),0.08,YIELD(DATE(2020,1,1),DATE(2025,1,1),0.08,108.530202836775,100,2),100,2),8) -> 108.5302 | B2: PRICE inverse of YIELD
A3: =ROUND(TBILLYIELD(DATE(2020,1,1),DATE(2020,3,31),TBILLPRICE(DATE(2020,1,1),DATE(2020,3,31),0.05)),10) -> 0.050632911 | B3: TBILLYIELD inverse of TBILLPRICE
A4: =ROUND(TBILLPRICE(DATE(2020,1,1),DATE(2020,3,31),TBILLYIELD(DATE(2020,1,1),DATE(2020,3,31),98.75)),8) -> 98.734177 | B4: TBILLPRICE inverse of TBILLYIELD
A5: =ROUND(YIELD(DATE(2021,6,15),DATE(2031,6,15),0.045,PRICE(DATE(2021,6,15),DATE(2031,6,15),0.045,0.0525,100,4,1),100,4,1),10) -> 0.0525 | B5: Quarterly basis yield/price inverse

Sheet Lookup
A1: =_xlfn.XLOOKUP("Beta",LookupData!A1:A4,LookupData!B1:B4) -> 20 | B1: First exact match
A2: =_xlfn.XLOOKUP("Missing",LookupData!A1:A4,LookupData!B1:B4,"not found") -> not found | B2: Not found text
A3: =_xlfn.XLOOKUP("B*",LookupData!A1:A4,LookupData!B1:B4,"none",2) -> 20 | B3: Wildcard match
A4: =_xlfn.XLOOKUP("Beta",LookupData!A1:A4,LookupData!B1:B4,"none",0,-1) -> 21 | B4: Reverse exact match
A5: =_xlfn.XLOOKUP(7,LookupData!D1:D3,LookupData!E1:E3,"none",-1) -> Medium | B5: Next smaller
A6: =_xlfn.XLOOKUP(7,LookupData!D1:D3,LookupData!E1:E3,"none",1) -> Large | B6: Next larger
A7: =_xlfn.XMATCH("Beta",LookupData!A1:A4,0,-1) -> 3 | B7: XMATCH reverse exact
A8: =_xlfn.XMATCH("B*",LookupData!A1:A4,2) -> 2 | B8: XMATCH wildcard
A9: =_xlfn.XMATCH(7,LookupData!D1:D3,-1) -> 2 | B9: XMATCH next smaller
A10: =_xlfn.XMATCH(7,LookupData!D1:D3,1) -> 3 | B10: XMATCH next larger

Sheet LookupData
A1: Alpha | B1: 10 | D1: 1 | E1: Small
A2: Beta | B2: 20 | D2: 5 | E2: Medium
A3: Beta | B3: 21 | D3: 10 | E3: Large
A4: Gamma | B4: 30

Sheet Dynamic
A1: =SUM(_xlfn.SEQUENCE(3,2,1,1)) -> 21 | B1: SUM over SEQUENCE spill
A2: =INDEX(_xlfn._xlws.SORT(DynamicData!A1:A3),1,1) -> 1 | B2: INDEX over SORT spill
A3: =ROWS(_xlfn.UNIQUE(DynamicData!B1:B5)) -> 3 | B3: ROWS over UNIQUE spill
A4: =SUM(_xlfn._xlws.FILTER(DynamicData!A1:A5,DynamicData!C1:C5)) -> 10 | B4: SUM over FILTER spill
A5: =IFERROR(_xlfn._xlws.FILTER(DynamicData!A1:A1,DynamicData!D1:D1),"fallback") -> fallback | B5: IFERROR catches empty FILTER
A6: =INDEX(_xlfn.SEQUENCE(3,3),2,2) -> 5 | B6: INDEX over SEQUENCE spill
A7: =COLUMNS(_xlfn.SEQUENCE(2,3)) -> 3 | B7: COLUMNS over SEQUENCE spill
A8: =INDEX(_xlfn._xlws.FILTER(DynamicData!A1:A5,DynamicData!C1:C5),2,1) -> 2 | B8: INDEX over FILTER spill

Sheet DynamicData
A1: 3 | B1: A | C1: TRUE | D1: FALSE
A2: 1 | B2: B | C2: FALSE
A3: 2 | B3: A | C3: TRUE
A4: 4 | B4: C | C4: FALSE
A5: 5 | B5: B | C5: TRUE
